{"cameraMode":{"drawMode":0,"name":"Shaded","section":"Shading Mode"},"sceneLighting":true,"audioPlay":false,"sceneViewState":{"m_AlwaysRefresh":false,"showFog":true,"showSkybox":false,"showFlares":true,"showImageEffects":true,"showParticleSystems":true,"showVisualEffectGraphs":true,"m_FxEnabled":true},"in2DMode":false,"pivot":{"x":411.4931335449219,"y":361.34442138671877,"z":49.62684631347656},"rotation":{"x":0.0638483390212059,"y":-0.0050713312812149529,"z":-0.0009521174360997975,"w":-0.9980663657188416},"size":125.1566390991211,"orthographic":false}