{"cameraMode":{"drawMode":0,"name":"Shaded","section":"Shading Mode"},"sceneLighting":false,"audioPlay":false,"sceneViewState":{"m_AlwaysRefresh":false,"showFog":true,"showSkybox":false,"showFlares":true,"showImageEffects":true,"showParticleSystems":true,"showVisualEffectGraphs":true,"m_FxEnabled":true},"in2DMode":false,"pivot":{"x":-5.960464477539063e-8,"y":-0.013371944427490235,"z":0.03324878215789795},"rotation":{"x":-0.20440174639225007,"y":-0.2193976789712906,"z":0.046686507761478427,"w":-0.9529402852058411},"size":1.294405221939087,"orthographic":false}