{"cameraMode":{"drawMode":0,"name":"Shaded","section":"Shading Mode"},"sceneLighting":false,"audioPlay":false,"sceneViewState":{"m_AlwaysRefresh":false,"showFog":true,"showSkybox":false,"showFlares":true,"showImageEffects":true,"showParticleSystems":true,"showVisualEffectGraphs":true,"m_FxEnabled":true},"in2DMode":false,"pivot":{"x":0.006413578987121582,"y":0.5435925722122192,"z":-0.0016240477561950684},"rotation":{"x":-0.040839988738298419,"y":-0.7886740565299988,"z":0.05218334123492241,"w":-0.6112920045852661},"size":0.6123724579811096,"orthographic":false}